抽選日,数字1,数字2,数字3,数字4,数字5,数字6,数字7
2024-01-01,7,10,16,18,21,25,37
2024-02-02,3,8,13,17,20,24,25
2024-03-03,4,8,11,16,19,23,32
2024-04-04,2,5,10,12,21,24,36
2024-05-05,5,9,16,20,26,31,35
2024-06-06,5,9,16,21,24,26,37
2024-07-07,3,5,6,9,11,22,32
2024-08-08,2,13,21,29,30,32,36
2024-09-09,2,10,18,21,22,26,34
2024-10-10,3,7,12,17,20,26,37
2024-11-11,7,9,15,20,29,31,35
2024-12-12,9,15,16,19,24,33,36
2024-01-13,5,6,12,14,21,31,35
2024-02-14,5,14,16,17,29,34,36
2024-03-15,2,9,22,29,32,33,34
2024-04-16,7,8,23,25,27,34,37
2024-05-17,4,7,9,26,28,29,36
2024-06-18,4,6,7,10,25,29,31
2024-07-19,2,11,19,21,27,31,34
2024-08-20,2,8,9,13,17,28,37
2024-09-21,1,9,11,20,28,32,37
2024-10-22,3,5,7,22,29,31,33
2024-11-23,10,11,18,24,27,28,35
2024-12-24,3,4,6,10,18,22,30
2024-01-25,17,18,19,20,27,30,32
2024-02-26,5,6,8,16,22,36,37
2024-03-27,13,15,22,26,29,31,32
2024-04-28,9,16,26,27,29,36,37
2024-05-01,1,6,7,16,27,29,35
2024-06-02,6,8,12,16,18,27,28
2024-07-03,3,5,19,21,26,29,30
2024-08-04,3,10,13,16,20,21,27
2024-09-05,3,4,9,12,13,19,26
2024-10-06,2,5,7,11,17,24,32
2024-11-07,1,12,15,17,18,22,26
2024-12-08,14,15,21,25,29,31,36
2024-01-09,3,14,19,20,23,26,37
2024-02-10,7,10,16,22,25,26,30
2024-03-11,6,11,16,19,29,33,35
2024-04-12,11,15,17,24,31,34,35
2024-05-13,5,16,22,24,26,36,37
2024-06-14,1,7,10,22,23,29,33
2024-07-15,2,9,15,16,18,26,37
2024-08-16,13,14,21,24,25,26,28
2024-09-17,10,12,14,17,20,23,28
2024-10-18,1,7,12,14,22,24,29
2024-11-19,8,9,10,15,16,22,33
2024-12-20,1,2,3,4,12,19,28
2024-01-21,1,4,6,8,18,29,33
2024-02-22,2,7,18,27,29,32,37
2024-03-23,10,14,19,21,29,32,34
2024-04-24,3,4,8,14,17,29,36
2024-05-25,11,15,22,30,31,32,33
2024-06-26,2,10,17,20,25,28,33
2024-07-27,13,16,20,28,29,31,34
2024-08-28,9,16,17,19,23,35,37
2024-09-01,3,9,11,12,21,28,34
2024-10-02,3,4,6,7,25,27,32
2024-11-03,4,14,18,27,28,32,37
2024-12-04,1,2,4,6,7,9,28
2024-01-05,11,12,16,18,22,26,30
2024-02-06,1,9,18,22,28,29,36
2024-03-07,1,20,22,23,24,32,35
2024-04-08,15,25,26,29,30,32,35
2024-05-09,10,16,20,26,27,32,33
2024-06-10,2,18,21,28,32,34,37
2024-07-11,2,3,4,25,30,31,35
2024-08-12,3,11,19,22,25,31,33
2024-09-13,3,19,26,27,29,31,34
2024-10-14,4,23,25,27,30,33,36
2024-11-15,3,10,15,20,25,35,36
2024-12-16,4,17,18,25,26,31,34
2024-01-17,3,12,20,25,27,32,34
2024-02-18,2,5,7,8,20,34,37
2024-03-19,2,4,6,18,21,33,35
2024-04-20,1,6,11,14,23,31,36
2024-05-21,2,4,5,8,28,29,30
2024-06-22,4,7,14,20,24,26,31
2024-07-23,2,4,8,12,15,26,31
2024-08-24,3,4,9,13,20,32,33
2024-09-25,8,9,21,25,28,30,37
2024-10-26,2,3,16,17,22,31,32
2024-11-27,11,12,14,21,27,28,31
2024-12-28,4,6,10,12,14,24,35
2024-01-01,1,3,7,11,12,33,35
2024-02-02,3,7,8,11,20,22,37
2024-03-03,9,13,16,29,32,33,37
2024-04-04,1,8,11,13,17,22,26
2024-05-05,8,18,19,20,21,31,34
2024-06-06,10,19,20,32,33,35,36
2024-07-07,8,11,19,28,30,31,33
2024-08-08,4,11,17,24,33,36,37
2024-09-09,4,5,7,8,27,29,30
2024-10-10,6,10,18,27,29,32,37
2024-11-11,6,8,9,12,14,16,30
2024-12-12,10,15,17,18,22,29,37
2024-01-13,13,18,27,30,32,33,36
2024-02-14,10,11,26,27,30,31,37
2024-03-15,2,8,19,20,22,26,33
2024-04-16,1,2,5,7,19,27,35
